-1.6969176367839052e+19,-1.6969178566862307e+19,-1.6969178979179168e+19
-7.466625134552416e+19,-7.466625134552416e+19,-7.466625574357067e+19
-5.191793630897819e+19,-5.191793630897819e+19,-5.191793630897819e+19
-9.346837516951696e+19,-9.346838396560998e+19,-9.34683883636565e+19
-9.029551886329027e+19,-9.02955276593833e+19,-9.02955320574298e+19
-6.3118960328295055e+19,-6.311896472634157e+19,-6.311896774999854e+19
-6.4323682024709685e+19,-6.43236864227562e+19,-6.43236864227562e+19
-1.0133363044374282e+20,-1.0133363923983584e+20,-1.0133364363788236e+20
-3.018585588952046e+19,-3.0185858088543715e+19,-3.0185858363421622e+19
-1.1844903306198306e+20,-1.1844903306198306e+20,-1.1844903746002957e+20
-7.829789427160318e+19,-7.829791186378922e+19,-7.829791406281248e+19
-1.0301547861396108e+20,-1.0301549620614713e+20,-1.0301549620614713e+20
-3.47445674377216e+19,-3.474457183576811e+19,-3.474457266040183e+19
-7.588171307151891e+19,-7.588171307151891e+19,-7.588171746956542e+19
-8.841389382835162e+19,-8.841389382835162e+19,-8.841390042542139e+19
-9.449192373795317e+19,-9.44919325340462e+19,-9.44919325340462e+19
-1.0477511943086775e+20,-1.0477511943086775e+20,-1.0477511943086775e+20
-9.063249718697106e+19,-9.063250598306408e+19,-9.063251038111059e+19
-8.497894913443522e+19,-8.497894913443522e+19,-8.497895353248173e+19
-4.969641264747538e+19,-4.969641704552189e+19,-4.969641924454515e+19
-2.2844284809464775e+19,-2.2844284809464775e+19,-2.2844284809464775e+19
-1.0999394697406002e+20,-1.0999396456624606e+20,-1.0999396456624606e+20
-9.509100804150972e+19,-9.509101683760274e+19,-9.509102123564925e+19
-9.786179493569128e+19,-9.786179493569128e+19,-9.786179933373779e+19
-1.0146734864986643e+20,-1.0146734864986643e+20,-1.0146735304791294e+20
-7.796837503480522e+19,-7.796837503480522e+19,-7.796837723382848e+19
-5.499003336963549e+19,-5.499003336963549e+19,-5.499003336963549e+19
-9.26656964968684e+19,-9.26656964968684e+19,-9.26656964968684e+19
-1.0168061432323637e+19,-1.0168062531835265e+19,-1.0168063356468986e+19
-1.1551970538716922e+20,-1.1551971418326224e+20,-1.1551971418326224e+20
-6.960687937663848e+19,-6.960687937663848e+19,-6.960688322492917e+19
-6.114228471215843e+19,-6.114228911020494e+19,-6.1142291309228196e+19
-3.773248588815637e+19,-3.773249028620288e+19,-3.773249276010404e+19
-8.984832549404121e+19,-8.984833429013424e+19,-8.984833868818075e+19
-1.1262209642379346e+20,-1.1262209642379346e+20,-1.1262210082183997e+20
-7.32051763140703e+19,-7.32051763140703e+19,-7.32051763140703e+19
-1.147885389507912e+20,-1.1478854774688422e+20,-1.1478854774688422e+20
-4.580914646207798e+19,-4.580914646207798e+19,-4.5809147561589604e+19
-5.512342612031727e+19,-5.512343051836378e+19,-5.512343271738704e+19
-8.23526292720504e+19,-8.235263806814342e+19,-8.235264466521319e+19
-1.2238746612049065e+20,-1.2238747491658367e+20,-1.2238747491658367e+20
-5.431443185287876e+19,-5.431443185287876e+19,-5.43144335021462e+19
-6.403912841544126e+19,-6.403913281348777e+19,-6.403913281348777e+19
-7.166275501434706e+19,-7.1662763810440086e+19,-7.1662763810440086e+19
-8.485617326803124e+19,-8.485618206412426e+19,-8.485618866119403e+19
-1.0660183925316177e+20,-1.0660183925316177e+20,-1.0660184365120828e+20
-3.677610868408425e+19,-3.677610868408425e+19,-3.6776109783595876e+19
-7.91637288921512e+19,-7.916373768824422e+19,-7.916374593458143e+19
-4.9241927317110915e+19,-4.924193171515743e+19,-4.924193171515743e+19
-9.268573399677298e+19,-9.268573399677298e+19,-9.26857383948195e+19
-9.292739785646513e+19,-9.292741544865117e+19,-9.292741544865117e+19
-1.0343158659046965e+20,-1.0343159538656267e+20,-1.0343159538656267e+20
-1.3859333512804853e+20,-1.3859334392414156e+20,-1.3859334832218807e+20
-1.0760450589676326e+20,-1.0760450589676326e+20,-1.0760451029480977e+20
-1.0192680377278844e+20,-1.0192681256888146e+20,-1.0192681696692797e+20
-7.029641390474238e+19,-7.029641390474238e+19,-7.029641720327727e+19
-5.536029610931231e+19,-5.536030050735882e+19,-5.536030435564952e+19
-7.369744966005817e+19,-7.3697458456151196e+19,-7.369746065517445e+19
-5.968931088237802e+19,-5.9689319678471045e+19,-5.968932077798267e+19
-1.1858776504112932e+20,-1.1858777383722235e+20,-1.1858777383722235e+20
-7.529510162786786e+19,-7.529510162786786e+19,-7.529510822493762e+19
-7.429134426873161e+19,-7.429134426873161e+19,-7.42913475672665e+19
-1.053445784931255e+20,-1.0534458728921851e+20,-1.0534458728921851e+20
-3.403917355389865e+19,-3.403917355389865e+19,-3.403917355389865e+19
-6.955539584417949e+19,-6.955539584417949e+19,-6.955539804320275e+19
-6.922189197724248e+19,-6.922189637528899e+19,-6.922189857431224e+19
-1.246749956640321e+20,-1.246749956640321e+20,-1.246749956640321e+20
-9.123861836494537e+19,-9.123862716103839e+19,-9.123863375810816e+19
-9.164140905661832e+19,-9.164141785271134e+19,-9.164141785271134e+19
-8.35693400432543e+19,-8.356934883934732e+19,-8.356935103837058e+19
-1.3268514018251978e+20,-1.3268514018251978e+20,-1.3268514018251978e+20
-7.643291144466255e+19,-7.643292024075557e+19,-7.643292463880208e+19
-6.936387851080696e+19,-6.936388290885347e+19,-6.936388290885347e+19
-1.1656348496955651e+20,-1.1656349376564953e+20,-1.1656349816369604e+20
-1.1679925544692377e+20,-1.1679925544692377e+20,-1.1679925984497028e+20
-9.133813736139863e+19,-9.133813736139863e+19,-9.133814175944514e+19
-8.26789995075464e+19,-8.267900830363943e+19,-8.267900830363943e+19
-8.490903778709471e+19,-8.490903778709471e+19,-8.490903778709471e+19
-5.893752640395595e+19,-5.893753520004897e+19,-5.8937538498583855e+19
-3.208112806278306e+19,-3.208112806278306e+19,-3.208112806278306e+19
-4.465097368993687e+19,-4.465097808798338e+19,-4.465097808798338e+19
-6.865762260986783e+19,-6.865762260986783e+19,-6.865762260986783e+19
-8.766379819978981e+19,-8.766380699588284e+19,-8.766381139392935e+19
-4.465654161681993e+19,-4.465654601486644e+19,-4.465654656462225e+19
-7.443679646294684e+19,-7.443680525903987e+19,-7.443681240586545e+19
-8.48804328925865e+19,-8.48804328925865e+19,-8.488043839014463e+19
-3.481567945175964e+19,-3.481567945175964e+19,-3.481568055127127e+19
-6.442034229093073e+19,-6.442034229093073e+19,-6.442034229093073e+19
-1.0851194603730633e+20,-1.0851194603730633e+20,-1.0851195043535284e+20
-1.0718162492862759e+20,-1.0718164252081363e+20,-1.0718164471983689e+20
-7.67967706286192e+19,-7.679677942471223e+19,-7.679678712129362e+19
-6.384974853267312e+19,-6.384974853267312e+19,-6.384975073169637e+19
-1.0876268746499739e+20,-1.0876269626109041e+20,-1.0876269626109041e+20
-7.437367569941948e+19,-7.43736844955125e+19,-7.43736883438032e+19
-9.856090840909637e+19,-9.856090840909637e+19,-9.856091280714288e+19
-7.022576368558801e+19,-7.022576808363452e+19,-7.0225770282657776e+19
-1.0541784994800049e+20,-1.054178587440935e+20,-1.0541786314214002e+20
-5.80687099078734e+19,-5.806871430591991e+19,-5.806871430591991e+19
-1.0112502230162814e+20,-1.0112502230162814e+20,-1.0112502230162814e+20
-7.0233038054517375e+19,-7.02330468506104e+19,-7.023304740036621e+19
-6.705797392894211e+19,-6.705797392894211e+19,-6.705797557820955e+19
-4.945316549103924e+19,-4.945316988908575e+19,-4.945317098859738e+19
-1.1151625160904147e+20,-1.1151626040513449e+20,-1.1151626040513449e+20
-6.465469659732142e+19,-6.465470099536793e+19,-6.465470291951328e+19
-1.0630857751180136e+20,-1.0630858630789438e+20,-1.0630859070594089e+20
-6.613956506040035e+19,-6.613956945844686e+19,-6.613957275698174e+19
-7.429269886705703e+19,-7.429270766315006e+19,-7.429271535973145e+19
-1.3571615069267034e+20,-1.3571615069267034e+20,-1.3571615069267034e+20
-5.966893033484557e+19,-5.966893033484557e+19,-5.9668931434357195e+19
-1.401502611851654e+19,-1.4015027218028167e+19,-1.4015027767783981e+19
-6.679998452060075e+19,-6.679998891864726e+19,-6.679999001815889e+19
-3.312366299800771e+19,-3.3123665197030965e+19,-3.3123665197030965e+19
-9.751558071433717e+19,-9.751559830652322e+19,-9.751559830652322e+19
-5.960787665317842e+19,-5.960787665317842e+19,-5.960787885220168e+19
-7.015485837973599e+19,-7.01548627777825e+19,-7.015486511424471e+19
-1.1018262316938638e+20,-1.101826319654794e+20,-1.101826319654794e+20
-7.236774427789099e+19,-7.236774427789099e+19,-7.236774427789099e+19
-1.0719413297290517e+20,-1.0719413297290517e+20,-1.0719413737095168e+20
-1.1708117022828554e+20,-1.1708117022828554e+20,-1.1708117462633205e+20
-9.179217409101896e+19,-9.1792191683205e+19,-9.1792191683205e+19
-6.441943629334944e+19,-6.441943629334944e+19,-6.44194384923727e+19
-4.435235512792593e+19,-4.435235512792593e+19,-4.435235512792593e+19
-8.146316834564473e+19,-8.146318593783077e+19,-8.146318593783077e+19
-9.699543254956193e+19,-9.699543254956193e+19,-9.699543694760844e+19
-6.875201348408915e+19,-6.875202228018217e+19,-6.875202228018217e+19
-8.854013535540635e+19,-8.854014415149937e+19,-8.854015074856914e+19
-7.12534640099307e+19,-7.1253472806023725e+19,-7.125347610455861e+19
-9.176631357753367e+19,-9.176632237362669e+19,-9.176632897069646e+19
-1.3254019816169983e+20,-1.3254021575388588e+20,-1.3254021575388588e+20
-8.70913836502766e+19,-8.709139244636963e+19,-8.709139244636963e+19
-4.066043257636572e+19,-4.0660436974412235e+19,-4.066044027294712e+19
-7.65574993062291e+19,-7.655750810232213e+19,-7.655750810232213e+19
-4.1896591509241725e+19,-4.1896591509241725e+19,-4.189659329594812e+19
-4.027355401696995e+19,-4.027355401696995e+19,-4.027355772782169e+19
-8.096803626942464e+19,-8.096803626942464e+19,-8.096803956795952e+19
-7.87633307377803e+19,-7.87633307377803e+19,-7.87633351358268e+19
-5.246471024733166e+19,-5.246471024733166e+19,-5.2464712446354915e+19
-9.45549873268759e+18,-9.45549873268759e+18,-9.45549976347974e+18
-9.22474422736624e+19,-9.224745106975542e+19,-9.224745546780194e+19
-7.570603750167937e+19,-7.57060462977724e+19,-7.570605289484216e+19
-9.181120883631902e+19,-9.181121763241204e+19,-9.18112242294818e+19
-1.0814507858953608e+20,-1.0814507858953608e+20,-1.0814508298758259e+20
-1.637658797897941e+19,-1.6376589078491038e+19,-1.6376589078491038e+19
-7.757309620657324e+19,-7.757311379875928e+19,-7.757311379875928e+19
-5.388454919469741e+19,-5.388455359274392e+19,-5.3884555791767175e+19
-4.969485573901045e+19,-4.969486453510347e+19,-4.969486673412673e+19
-6.9932941748878705e+19,-6.9932946146925216e+19,-6.993294834594847e+19
-1.3038777660697949e+20,-1.3038777660697949e+20,-1.30387781005026e+20
-9.640287494702786e+19,-9.640287494702786e+19,-9.640287714605112e+19
-2.8653286213982093e+19,-2.8653290612028604e+19,-2.8653290612028604e+19
-6.051742785604682e+19,-6.051743665213984e+19,-6.051743775165147e+19
-9.376205912334244e+19,-9.376206791943546e+19,-9.376207011845872e+19
-6.3105291199738544e+19,-6.310529999583157e+19,-6.310530219485482e+19
-7.29994532904669e+19,-7.2999462086559924e+19,-7.2999462086559924e+19
-4.819301961249168e+19,-4.81930284085847e+19,-4.819303115736377e+19
-1.1062103803779927e+20,-1.1062105562998532e+20,-1.1062105562998532e+20
-6.998456601882604e+19,-6.9984574814919066e+19,-6.9984574814919066e+19
-6.8456332817147625e+19,-6.845634161324065e+19,-6.845634298763018e+19
-9.471363805867095e+19,-9.471363805867095e+19,-9.471364465574072e+19
-1.2294788279912156e+20,-1.2294789159521459e+20,-1.2294789159521459e+20
-1.2111463627580506e+20,-1.2111463627580506e+20,-1.2111464067385157e+20
-7.131479916657456e+19,-7.131480356462107e+19,-7.131480356462107e+19
-7.688114275288823e+19,-7.688115154898125e+19,-7.688115594702776e+19
-3.6697805864000553e+19,-3.6697805864000553e+19,-3.6697807513267995e+19
-5.533187593275756e+19,-5.533188033080407e+19,-5.5331881017998836e+19
-4.9147791529587245e+19,-4.914779592763376e+19,-4.914779922616864e+19
-7.978075722547305e+19,-7.978076602156607e+19,-7.978076822058933e+19
-4.006474356471575e+19,-4.006474356471575e+19,-4.006474631349482e+19
-1.283289278898294e+19,-1.283289278898294e+19,-1.2832892840522547e+19
-1.0131864190123298e+20,-1.01318650697326e+20,-1.01318650697326e+20
-4.556221374266553e+19,-4.556221374266553e+19,-4.556221759095623e+19
-8.705377155651364e+19,-8.705378914869969e+19,-8.705379134772294e+19
-1.1125826220070011e+20,-1.1125826220070011e+20,-1.1125826220070011e+20
-5.564763808006878e+19,-5.564764247811529e+19,-5.564764247811529e+19
-7.420329537757931e+19,-7.420330417367233e+19,-7.420330417367233e+19
-2.0768358477712065e+19,-2.0768362875758576e+19,-2.0768362875758576e+19
-1.2333765527312164e+20,-1.2333765527312164e+20,-1.2333765527312164e+20
-7.728187515879398e+19,-7.728187515879398e+19,-7.728187515879398e+19
-5.127768629007771e+19,-5.127769068812422e+19,-5.127769398665911e+19
-5.362765929798382e+19,-5.3627663696030335e+19,-5.3627663696030335e+19
-1.1442665009167152e+20,-1.1442665009167152e+20,-1.1442665009167152e+20
-1.190669278104676e+19,-1.1906693880558387e+19,-1.190669401799734e+19
-8.79409279065475e+19,-8.79409279065475e+19,-8.794093230459401e+19
-7.2964726315215225e+19,-7.296473511130825e+19,-7.2964736210819875e+19
-9.439258066336036e+19,-9.439258945945338e+19,-9.439259385749989e+19
-5.195918998525234e+19,-5.1959194383298855e+19,-5.195919658232211e+19
-1.3128557622957022e+20,-1.3128557622957022e+20,-1.3128558062761673e+20
-8.793656504440848e+19,-8.793656504440848e+19,-8.793657164147825e+19
-1.1398265850028255e+20,-1.1398265850028255e+20,-1.1398266289832906e+20
-5.772988440465795e+19,-5.772989320075097e+19,-5.772989698032219e+19
-3.384551437187521e+19,-3.3845516570898465e+19,-3.384551712065428e+19
-9.350533635239628e+19,-9.35053451484893e+19,-9.350534954653581e+19
-7.2409991912676655e+19,-7.2409991912676655e+19,-7.240999411169991e+19
-4.569969667660264e+19,-4.569969667660264e+19,-4.5699699975137526e+19
-6.205468584916602e+19,-6.205469024721253e+19,-6.205469024721253e+19
-4.120997728402119e+19,-4.12099816820677e+19,-4.120998388109096e+19
-7.132422857829437e+19,-7.132422857829437e+19,-7.132423077731762e+19
-4.092148302507881e+19,-4.092148742312532e+19,-4.092148852263695e+19
-5.224384035154402e+19,-5.224384914763704e+19,-5.224385024714867e+19
-1.2441079621401706e+20,-1.2441080501011009e+20,-1.244108094081566e+20
-5.45692458716391e+19,-5.45692458716391e+19,-5.45692458716391e+19
-3.544148628591765e+19,-3.5441488484940906e+19,-3.5441488484940906e+19
-1.052131648633737e+20,-1.052131648633737e+20,-1.052131648633737e+20
-1.2643428463721788e+20,-1.2643428463721788e+20,-1.2643428463721788e+20
-3.266617380187616e+19,-3.266617380187616e+19,-3.2666173904955376e+19
-1.1358016687577235e+20,-1.1358016687577235e+20,-1.1358016687577235e+20
-4.8016130181815075e+19,-4.801613457986159e+19,-4.801613457986159e+19
-1.1120926796256641e+20,-1.1120927675865943e+20,-1.1120928115670594e+20
-7.960349835888951e+19,-7.960350715498254e+19,-7.960350715498254e+19
-7.996209747921889e+19,-7.996209747921889e+19,-7.99621018772654e+19
-1.1511394161605476e+20,-1.1511395041214779e+20,-1.1511395041214779e+20
-4.588225958727857e+19,-4.588226398532508e+19,-4.588226398532508e+19
-4.489249681214066e+19,-4.489249681214066e+19,-4.489249736189647e+19
-6.8318251748885004e+19,-6.8318251748885004e+19,-6.831825394790826e+19
-9.310678537756004e+19,-9.310678537756004e+19,-9.310678977560655e+19
-4.595932215824613e+19,-4.5959326556292645e+19,-4.595932848043799e+19
-1.0459245976316858e+20,-1.0459245976316858e+20,-1.0459245976316858e+20
-1.0656816780907276e+20,-1.0656816780907276e+20,-1.0656817220711927e+20
-7.848767877465034e+19,-7.848768757074336e+19,-7.848769361805731e+19
-1.3369686680193414e+20,-1.3369686680193414e+20,-1.3369687119998065e+20
-4.3096616091982496e+19,-4.3096616091982496e+19,-4.3096616091982496e+19
-7.818732738231402e+19,-7.818732738231402e+19,-7.818733397938379e+19
-1.0379673000400755e+20,-1.0379673000400755e+20,-1.0379673440205406e+20
-8.044546038297526e+19,-8.044546038297526e+19,-8.044546478102177e+19
-1.2762367914154131e+19,-1.2762370113177387e+19,-1.2762370113177387e+19
-7.622616807426857e+19,-7.622616807426857e+19,-7.622617247231508e+19
-3.4198066178251817e+19,-3.4198068377275073e+19,-3.4198068377275073e+19
-6.9529350612740735e+19,-6.9529350612740735e+19,-6.952935281176399e+19
-7.749426562090821e+19,-7.749428321309426e+19,-7.749428431260588e+19
-6.7384942298763624e+19,-6.7384946696810136e+19,-6.7384946937328304e+19
-9.194554276895418e+19,-9.194554276895418e+19,-9.194554936602395e+19
-1.0321865077058804e+20,-1.0321865956668106e+20,-1.0321866616375083e+20
-8.71895304562184e+19,-8.718953925231143e+19,-8.718954145133468e+19
-1.0031025779716705e+20,-1.0031026659326008e+20,-1.0031027319032984e+20
-1.2645252773414594e+20,-1.2645254532633199e+20,-1.2645254532633199e+20
-4.479245884619909e+19,-4.479245884619909e+19,-4.479246104522234e+19
-7.272548138110419e+19,-7.27254857791507e+19,-7.272548797817396e+19
-9.24111023804336e+19,-9.241111117652663e+19,-9.241111117652663e+19
-8.606991095979364e+19,-8.606991095979364e+19,-8.60699175568634e+19
-7.358379534211822e+19,-7.3583799740164735e+19,-7.3583799740164735e+19
-1.2865148062095376e+20,-1.2865148062095376e+20,-1.2865148062095376e+20
-7.668280844742348e+19,-7.66828172435165e+19,-7.66828249400979e+19
-9.406404658898089e+19,-9.406404658898089e+19,-9.40640509870274e+19
-6.5952234667306385e+19,-6.5952234667306385e+19,-6.595223769096336e+19
-9.210452335423757e+19,-9.210452335423757e+19,-9.210452775228408e+19
-7.5510623499098e+19,-7.5510623499098e+19,-7.551062569812125e+19
-1.052511463930436e+20,-1.0525115518913662e+20,-1.0525115958718313e+20
-7.93233076117601e+19,-7.932331640785312e+19,-7.932331640785312e+19
-6.17049795788821e+19,-6.170498397692861e+19,-6.170498727546349e+19
-8.126295167627323e+19,-8.126296926845927e+19,-8.126296926845927e+19
-7.433143686072684e+19,-7.433145445291288e+19,-7.433145665193614e+19
-8.808455051341411e+19,-8.808455930950713e+19,-8.808456150853039e+19
-3.7961456985617465e+19,-3.796146138366398e+19,-3.7961462483175604e+19
-6.500909118518618e+19,-6.500909118518618e+19,-6.500909118518618e+19
-2.7813312106919363e+19,-2.7813316504965874e+19,-2.781331787935541e+19
-8.506207221349509e+19,-8.506207221349509e+19,-8.50620766115416e+19
-7.192626836910637e+19,-7.192627276715288e+19,-7.192627496617614e+19
-1.289826535232399e+20,-1.2898267111542594e+20,-1.2898267111542594e+20
-4.840262171311787e+19,-4.840262611116438e+19,-4.840262611116438e+19
-9.168655060600829e+19,-9.168655940210131e+19,-9.168655940210131e+19
-1.0886970073270557e+20,-1.0886971832489162e+20,-1.0886971832489162e+20
-4.970171669156777e+19,-4.970172108961428e+19,-4.970172328863754e+19
-9.87532965556781e+19,-9.875330535177113e+19,-9.875330974981764e+19
-1.0727456444750024e+20,-1.0727457324359326e+20,-1.0727457324359326e+20
-3.582686511145314e+19,-3.582686950949965e+19,-3.582686950949965e+19
-6.116637721094626e+19,-6.116638160899277e+19,-6.116638160899277e+19
-6.381075105425916e+18,-6.38107565518173e+18,-6.381075689541468e+18
-1.3653786411061897e+20,-1.3653786411061897e+20,-1.3653786411061897e+20
-8.336945762541765e+19,-8.336946642151067e+19,-8.336947081955718e+19
-8.999286289458214e+19,-8.999287169067516e+19,-8.999287388969841e+19
-2.6346277722442957e+19,-2.6346279921466212e+19,-2.6346281295855747e+19
-7.88490046838166e+19,-7.88490046838166e+19,-7.884901128088637e+19
-9.63723525042408e+19,-9.637236130033382e+19,-9.637236130033382e+19
-3.6132005976440046e+19,-3.61320081754633e+19,-3.613200927497493e+19
-2.864646484384337e+19,-2.8646467042866627e+19,-2.8646468142378254e+19
-9.708997295736462e+19,-9.708998175345764e+19,-9.708998175345764e+19
-1.0251047732137008e+20,-1.0251049491355612e+20,-1.0251049491355612e+20
-1.181458141433215e+20,-1.181458141433215e+20,-1.1814581854136802e+20
-8.629111510711612e+19,-8.629113269930217e+19,-8.629113269930217e+19
-9.272746266207034e+19,-9.272746266207034e+19,-9.27274692591401e+19
-1.948665337516707e+19,-1.948665337516707e+19,-1.9486653924922884e+19
-8.243408109343605e+19,-8.243409868562209e+19,-8.243410088464535e+19
-3.3861320951036117e+19,-3.3861323150059373e+19,-3.3861323150059373e+19
-8.024508538392936e+19,-8.024509418002239e+19,-8.024509637904564e+19
-7.5202478768344e+19,-7.5202478768344e+19,-7.520248536541377e+19
-9.662379761937364e+19,-9.662379761937364e+19,-9.662380201742015e+19
-1.0337731469652263e+20,-1.0337732349261565e+20,-1.033773256916389e+20
-5.9961884212950204e+19,-5.9961888610996716e+19,-5.9961888610996716e+19
-4.8648630842762985e+19,-4.86486352408095e+19,-4.8648637164954845e+19
-4.027906037120185e+19,-4.027906476924836e+19,-4.0279068067783246e+19
-1.2487857244093809e+20,-1.2487858123703111e+20,-1.2487858563507762e+20
-8.981396795469647e+19,-8.98139767507895e+19,-8.981398444737089e+19
-6.824159379819646e+19,-6.824159379819646e+19,-6.8241597096731345e+19
-1.2329529328912669e+20,-1.2329530208521971e+20,-1.2329530648326622e+20
-9.39661812580158e+19,-9.396619005410882e+19,-9.396619445215533e+19
-7.346223333655131e+19,-7.346224213264433e+19,-7.346224318061635e+19
-5.059832004550748e+19,-5.05983288416005e+19,-5.059833049086794e+19
-7.406088663154976e+19,-7.40609042237358e+19,-7.406090642275906e+19
-5.00618023516179e+19,-5.006180674966441e+19,-5.0061807299420226e+19
-6.700645521211104e+19,-6.700645521211104e+19,-6.700645521211104e+19
-7.338497725153726e+19,-7.338498164958377e+19,-7.338498164958377e+19
-9.25547953560444e+19,-9.255480415213742e+19,-9.255480635116067e+19
-1.1565882439440846e+20,-1.1565882439440846e+20,-1.1565882879245497e+20
-1.0243053842798425e+20,-1.0243053842798425e+20,-1.0243054282603076e+20
-1.0330847647253083e+20,-1.0330848526862385e+20,-1.0330848966667036e+20
-1.9699202166955704e+19,-1.9699202166955704e+19,-1.9699203266467332e+19
-7.023784951740052e+19,-7.023785391544703e+19,-7.023785446520285e+19
-2.1307787678391992e+19,-2.1307789877415248e+19,-2.1307789877415248e+19
-3.3507484915078267e+19,-3.3507484915078267e+19,-3.350748656434571e+19
-1.1068547821527997e+20,-1.1068548701137299e+20,-1.1068548701137299e+20
-7.832495105373949e+19,-7.832495105373949e+19,-7.832495765080926e+19
-6.42826922312262e+19,-6.428269662927271e+19,-6.428269992780759e+19
-1.0312039841152998e+20,-1.0312039841152998e+20,-1.0312039841152998e+20
-1.1781559121908177e+20,-1.178156000151748e+20,-1.178156000151748e+20
-8.533832231095055e+19,-8.533832231095055e+19,-8.533832670899706e+19
-6.4810211521954054e+19,-6.4810215920000565e+19,-6.48102181877433e+19
-9.517103489582576e+19,-9.517104369191879e+19,-9.517104369191879e+19
-8.763777935663012e+19,-8.763778815272314e+19,-8.763779474979291e+19
-4.563671445154038e+18,-4.563671445154038e+18,-4.563671582592991e+18
-2.727986754802942e+18,-2.727987304558756e+18,-2.7279873732782326e+18
-7.42171932045544e+19,-7.421721079674044e+19,-7.421721189625207e+19
-8.241680556674043e+19,-8.241680556674043e+19,-8.241680666625206e+19
-6.976358177382911e+19,-6.976358177382911e+19,-6.976358177382911e+19
-7.039894116500924e+19,-7.039894996110226e+19,-7.039895216012552e+19
-8.369517695003001e+19,-8.369517695003001e+19,-8.369517695003001e+19
-6.429308041708542e+19,-6.4293089213178446e+19,-6.429309251171333e+19
-9.227105098733401e+19,-9.227105978342703e+19,-9.227105978342703e+19
-1.1598598627827646e+20,-1.1598599507436949e+20,-1.15985999472416e+20
-5.484738712909434e+19,-5.484738712909434e+19,-5.4847388838491324e+19
-1.0588967237771172e+20,-1.0588968996989777e+20,-1.0588968996989777e+20
-9.718511149949282e+19,-9.718511149949282e+19,-9.718511149949282e+19
-5.643765917485839e+19,-5.64376635729049e+19,-5.643766577192816e+19
-7.348249953487448e+19,-7.348250393292099e+19,-7.348250393292099e+19
-6.645592534203708e+19,-6.645592974008359e+19,-6.6455930977034174e+19
-9.950019040637983e+19,-9.950019920247285e+19,-9.950019920247285e+19
-1.1442666768385756e+20,-1.1442667647995059e+20,-1.144266808779971e+20
-5.350198072088252e+19,-5.350198511892903e+19,-5.350198511892903e+19
-2.219455700033287e+19,-2.219455700033287e+19,-2.2194557550088684e+19
-9.542816228705095e+19,-9.542816228705095e+19,-9.542816228705095e+19
-7.364645870880843e+19,-7.3646467504901456e+19,-7.364646805465727e+19
-1.0321126205244939e+20,-1.0321127084854241e+20,-1.0321127744561218e+20
-5.538984218577391e+19,-5.538984658382042e+19,-5.538984658382042e+19
-5.821754859790218e+19,-5.821755299594869e+19,-5.821755706757769e+19
-7.156543504114935e+19,-7.1565439439195865e+19,-7.1565442187974935e+19
-1.027003673775335e+20,-1.0270037617362652e+20,-1.0270038277069629e+20
-8.503740796866082e+19,-8.503740796866082e+19,-8.503740796866082e+19
-8.081405186497787e+19,-8.081406066107089e+19,-8.081406066107089e+19
-9.209349305358772e+19,-9.209351064577376e+19,-9.209351064577376e+19
-1.14587249158071e+20,-1.14587249158071e+20,-1.145872535561175e+20
-5.944385590659331e+19,-5.944386470268633e+19,-5.944386635195377e+19
-7.051880552462287e+19,-7.051881432071589e+19,-7.051881432071589e+19
-5.800282717113706e+19,-5.800283156918357e+19,-5.800283514259636e+19
-4.9628946613995045e+19,-4.962895101204156e+19,-4.962895101204156e+19
-6.719214073580985e+19,-6.719214513385636e+19,-6.719214733287961e+19
-6.841518469398974e+19,-6.841518909203625e+19,-6.84151912910595e+19
-1.7573837394371674e+19,-1.7573838493883302e+19,-1.7573838493883302e+19
-9.012804125214743e+19,-9.012805004824045e+19,-9.01280522472637e+19
-9.799259283893151e+19,-9.799260163502454e+19,-9.799260603307105e+19
-5.105801266294109e+19,-5.105801266294109e+19,-5.105801541172016e+19
-6.6857379027570655e+19,-6.685738342561717e+19,-6.685738342561717e+19
-9.641161826349194e+19,-9.641161826349194e+19,-9.641161826349194e+19
-4.508551827741999e+19,-4.50855226754665e+19,-4.5085525974001385e+19
-6.886962604388909e+19,-6.886962604388909e+19,-6.886962824291235e+19
-1.1293741876645357e+20,-1.129374275625466e+20,-1.129374319605931e+20
-4.80206161892564e+19,-4.802062058730291e+19,-4.802062168681454e+19
-6.146466152142235e+19,-6.146466591946886e+19,-6.14646672938584e+19
-6.407307253841396e+19,-6.407308133450698e+19,-6.407308463304186e+19
-1.4542610500332762e+20,-1.4542610500332762e+20,-1.4542610500332762e+20
-5.8022600788250984e+19,-5.8022600788250984e+19,-5.802260298727424e+19
-9.414685300869195e+19,-9.414685300869195e+19,-9.414685960576172e+19
-8.859493501493471e+19,-8.859494381102773e+19,-8.859494381102773e+19
-6.0781178705317724e+19,-6.0781183103364235e+19,-6.078118590368291e+19
-5.7770232083350815e+19,-5.7770236481397326e+19,-5.7770236481397326e+19
-5.006271714529221e+19,-5.006271714529221e+19,-5.0062719344315466e+19
-9.347180564579562e+19,-9.347182323798167e+19,-9.347182323798167e+19
-2.4510374779033747e+19,-2.4510376978057003e+19,-2.451037807756863e+19
-5.162554538082697e+19,-5.162554977887348e+19,-5.162555087838511e+19
-3.7400582910149394e+19,-3.7400587308195906e+19,-3.740058895746335e+19
-3.201697375832559e+19,-3.201697375832559e+19,-3.201697540759303e+19
-1.1939818427563744e+20,-1.1939818427563744e+20,-1.1939818867368395e+20
-6.932314380402111e+19,-6.9323152600114135e+19,-6.932315479913739e+19
-9.056821533916476e+19,-9.056822413525778e+19,-9.05682285333043e+19
-3.649092175611822e+19,-3.649092615416473e+19,-3.649092615416473e+19
-6.594640285763266e+19,-6.594640285763266e+19,-6.594640395714429e+19
-9.894255329314393e+19,-9.894255329314393e+19,-9.894255769119044e+19
-6.675343559632722e+19,-6.6753439994373734e+19,-6.675344219339699e+19
-1.206963116838549e+20,-1.2069632047994792e+20,-1.2069632047994792e+20
-8.367556166259048e+19,-8.36755704586835e+19,-8.367557485673002e+19
-7.668942310937618e+19,-7.668942310937618e+19,-7.668942530839944e+19
-9.501437647910024e+19,-9.501438527519326e+19,-9.501439187226303e+19
-7.856318443715297e+19,-7.856318443715297e+19,-7.856318883519948e+19
-1.1933851158057478e+20,-1.193385203766678e+20,-1.193385203766678e+20
-8.173987583993735e+19,-8.173987583993735e+19,-8.173988023798386e+19
-5.936878125264876e+19,-5.9368785650695274e+19,-5.936878784971853e+19
-1.152807859085e+20,-1.1528079470459303e+20,-1.1528079910263954e+20
-1.0543699024641681e+20,-1.0543700783860285e+20,-1.0543701003762611e+20
-1.1550031879814827e+20,-1.155003275942413e+20,-1.155003319922878e+20
-5.0296341375962055e+19,-5.0296341375962055e+19,-5.029634357498531e+19
-9.13746059630687e+19,-9.137461475916172e+19,-9.137462135623149e+19
-7.667190129207594e+19,-7.667190129207594e+19,-7.667190239158757e+19
-5.066709669684812e+19,-5.066710109489463e+19,-5.0667102744162075e+19
-1.2977170704779706e+19,-1.2977171804291334e+19,-1.2977172079169241e+19
-1.433524348694351e+19,-1.4335244586455138e+19,-1.4335245136210952e+19
-3.2366979095772266e+19,-3.2366979095772266e+19,-3.236697964552808e+19
-1.1302059462207157e+20,-1.130206034181646e+20,-1.130206078162111e+20
-6.357105312135748e+19,-6.35710619174505e+19,-6.357106356671794e+19
-9.947849924098707e+19,-9.947851683317311e+19,-9.947851683317311e+19
-9.993279985339807e+19,-9.993280864949109e+19,-9.993280864949109e+19
-2.4862768255735955e+19,-2.4862768255735955e+19,-2.4862769355247583e+19
-1.7247152698550125e+19,-1.7247153798061752e+19,-1.7247153798061752e+19
-1.0451025147778302e+20,-1.0451026027387604e+20,-1.0451026467192255e+20
-5.465017872353644e+19,-5.465018751962946e+19,-5.465018751962946e+19
-5.6516630498011775e+19,-5.6516630498011775e+19,-5.6516630498011775e+19
-1.2432689907877125e+20,-1.2432691667095729e+20,-1.2432691667095729e+20
-6.065768155928592e+19,-6.0657685957332435e+19,-6.065768815635569e+19
-5.37320161455993e+19,-5.373202054364581e+19,-5.373202054364581e+19
-1.218019278001883e+20,-1.218019278001883e+20,-1.2180193219823482e+20
-8.378494987541466e+19,-8.378495867150769e+19,-8.378496416906582e+19
-9.357985685248043e+19,-9.357986564857345e+19,-9.357987004661996e+19
-9.74329678086726e+19,-9.743297660476562e+19,-9.743298100281213e+19
-6.0082988821679964e+19,-6.0082988821679964e+19,-6.0082988821679964e+19
-6.326348013664993e+19,-6.3263488932742955e+19,-6.326349003225458e+19
-1.7373077566256054e+19,-1.7373078665767682e+19,-1.7373078665767682e+19
-1.0073736088995339e+20,-1.0073737848213943e+20,-1.0073737848213943e+20
-7.756869816006214e+19,-7.756869816006214e+19,-7.75687047571319e+19
-1.2257828856251443e+20,-1.2257830615470047e+20,-1.2257830615470047e+20
-7.405504602578302e+19,-7.405505482187604e+19,-7.405505482187604e+19
-5.5107663521621475e+19,-5.510766791966799e+19,-5.5107669019179614e+19
-3.181971257620955e+19,-3.1819714775232807e+19,-3.1819716493219725e+19
-6.66530985632229e+19,-6.66530985632229e+19,-6.66530985632229e+19
-5.373970393090071e+19,-5.373971272699373e+19,-5.3739713482907976e+19
-2.220694189930814e+19,-2.220694189930814e+19,-2.2206942998819766e+19
-5.235882287953032e+19,-5.235883167562334e+19,-5.235883167562334e+19
-6.884651870751975e+19,-6.884652310556626e+19,-6.884652310556626e+19
-7.114784932101305e+19,-7.114785811710607e+19,-7.114785811710607e+19
-6.161287568884656e+19,-6.161288448493958e+19,-6.161288778347446e+19
-8.368127912305492e+19,-8.368128791914794e+19,-8.368128791914794e+19
-7.475442338197878e+19,-7.47544321780718e+19,-7.475443547660668e+19
-5.542103313163066e+19,-5.542103313163066e+19,-5.542103533065391e+19
-1.1850487066048804e+20,-1.1850488825267408e+20,-1.1850488825267408e+20
-5.211729975732653e+19,-5.211730415537304e+19,-5.211730470512886e+19
-1.0060684446168986e+20,-1.0060685325778289e+20,-1.006068576558294e+20
-6.678900699650903e+19,-6.678901139455554e+19,-6.678901139455554e+19
-1.0002639028315436e+20,-1.000264078753404e+20,-1.000264078753404e+20
-7.255792460512415e+19,-7.255793340121717e+19,-7.255793340121717e+19
-5.537426430503158e+19,-5.53742731011246e+19,-5.537427639965948e+19
-7.1469909470928175e+19,-7.1469909470928175e+19,-7.146991112019562e+19
-5.834327995156162e+19,-5.834328434960813e+19,-5.834328544911976e+19
-1.0145079440279863e+20,-1.0145080319889166e+20,-1.0145080319889166e+20
-1.006065805788992e+20,-1.0060659817108524e+20,-1.0060659817108524e+20
-9.696830539868144e+19,-9.696830539868144e+19,-9.696830979672795e+19
-9.662344577565275e+19,-9.662345457174577e+19,-9.662345457174577e+19
-5.309638407553548e+19,-5.309638847358199e+19,-5.309639067260525e+19
-8.464021159214999e+19,-8.464021159214999e+19,-8.464021708970813e+19
-7.933996741194416e+19,-7.933996741194416e+19,-7.933996741194416e+19
-7.873296662466763e+19,-7.873297542076065e+19,-7.873297542076065e+19
-5.177636319178575e+19,-5.177637198787877e+19,-5.177637198787877e+19
-1.2384547131547976e+20,-1.2384547131547976e+20,-1.2384547571352627e+20
-5.163148274361696e+19,-5.163148714166347e+19,-5.163148934068673e+19
-5.684510299974009e+19,-5.68451073977866e+19,-5.68451073977866e+19
-1.0593819162682222e+20,-1.0593819162682222e+20,-1.0593819602486873e+20
-4.938656147467508e+19,-4.938656587272159e+19,-4.938656587272159e+19
-5.015453076425802e+19,-5.015453516230453e+19,-5.0154539010595226e+19
-1.2660784914473209e+20,-1.2660784914473209e+20,-1.2660784914473209e+20
-7.39269287318913e+18,-7.392693422944944e+18,-7.392693697822851e+18
-5.256310334387808e+19,-5.256310774192459e+19,-5.2563109940947845e+19
-2.5330984287308087e+19,-2.5330984287308087e+19,-2.5330986211453436e+19
-9.236377939997413e+19,-9.236377939997413e+19,-9.236377939997413e+19
-2.4975868419815506e+19,-2.497587061883876e+19,-2.4975871151414706e+19
-5.363563735435497e+19,-5.363564615044799e+19,-5.3635648349471244e+19
-1.0167731139030653e+20,-1.0167732018639956e+20,-1.0167732238542281e+20
-9.622725215374646e+19,-9.622726094983948e+19,-9.622726094983948e+19
-1.0421625086460874e+20,-1.0421625086460874e+20,-1.0421625526265525e+20
-2.912965622378581e+19,-2.9129658422809068e+19,-2.912965897256488e+19
-6.4529765688127e+19,-6.4529765688127e+19,-6.4529765688127e+19
-7.407893621443133e+19,-7.407893621443133e+19,-7.40789428115011e+19
-1.106208093393807e+20,-1.106208093393807e+20,-1.106208137374272e+20
-5.1770047596995805e+19,-5.1770047596995805e+19,-5.177005007089697e+19
-1.2502043582920026e+20,-1.2502044462529328e+20,-1.2502044462529328e+20
-6.438774397019043e+19,-6.438774397019043e+19,-6.438774754360322e+19
-9.589782087787872e+19,-9.589782967397174e+19,-9.589783407201826e+19
-7.512867954788768e+19,-7.512867954788768e+19,-7.51286800976435e+19
-2.69922188135288e+19,-2.69922188135288e+19,-2.69922188135288e+19
-4.107508919752563e+19,-4.107508919752563e+19,-4.1075092496060514e+19
-9.168612839354322e+19,-9.168613718963624e+19,-9.168614378670601e+19
-9.377059133357398e+19,-9.3770600129667e+19,-9.377060232869026e+19
-7.999094866433173e+19,-7.999096625651778e+19,-7.999096625651778e+19
-3.3913468588518277e+19,-3.391347298656479e+19,-3.3913473536320602e+19
-4.815398255165912e+19,-4.815398255165912e+19,-4.8153985987632955e+19
-5.542933664344362e+19,-5.542934543953664e+19,-5.542934873807153e+19
-5.971354411865421e+19,-5.971354851670072e+19,-5.971354851670072e+19
-5.433870027352703e+19,-5.433870027352703e+19,-5.4338702472550285e+19
-6.117531404145682e+19,-6.117532283754984e+19,-6.11753250365731e+19
-1.3837419806258627e+19,-1.3837419806258627e+19,-1.3837419806258627e+19
-7.539370583064681e+19,-7.539370583064681e+19,-7.539371022869332e+19
-9.929510070147403e+19,-9.929510949756705e+19,-9.929510949756705e+19
-1.2877807399172938e+20,-1.2877807399172938e+20,-1.287780783897759e+20
-6.767797534170546e+19,-6.767797534170546e+19,-6.767797644121709e+19
-2.924852662488793e+19,-2.9248528823911186e+19,-2.9248529923422814e+19
-6.416780646026314e+19,-6.416781085830965e+19,-6.416781415684453e+19
-6.879396205171206e+19,-6.879397084780508e+19,-6.879397084780508e+19
-9.670737809527066e+19,-9.670738689136368e+19,-9.670738909038694e+19
-5.216896800773898e+19,-5.216897240578549e+19,-5.216897350529712e+19
-4.876398280665622e+19,-4.876398720470273e+19,-4.876399077811552e+19
-2.5847786638200013e+18,-2.584778938697908e+18,-2.5847790761368617e+18
-1.0718642759541771e+20,-1.0718643639151074e+20,-1.0718643639151074e+20
-4.957972367744277e+19,-4.957972807548928e+19,-4.957972888294313e+19
-5.200956520999053e+19,-5.200957400608355e+19,-5.200957510559518e+19
-8.570580548523236e+19,-8.570580548523236e+19,-8.570580988327887e+19
-1.048587526833229e+20,-1.048587526833229e+20,-1.048587526833229e+20
-1.1402301497506844e+20,-1.1402302377116146e+20,-1.1402302377116146e+20
-3.2321006315591696e+19,-3.232100851461495e+19,-3.232100961412658e+19
-5.1852308658939494e+19,-5.1852308658939494e+19,-5.185231085796275e+19
-3.892558794568866e+19,-3.8925596741781684e+19,-3.892559784129331e+19
-6.432322462787253e+19,-6.432322902591904e+19,-6.43232312249423e+19
-6.267929641467301e+19,-6.267930081271952e+19,-6.267930081271952e+19
-2.866876293965467e+19,-2.8668765138677924e+19,-2.8668765138677924e+19
-7.116434199542969e+19,-7.116434199542969e+19,-7.116434419445295e+19
-1.0063749004977924e+20,-1.0063749004977924e+20,-1.0063749444782575e+20
-1.1502179374555411e+20,-1.1502179374555411e+20,-1.1502179814360062e+20
-1.2600364551503662e+20,-1.2600365431112965e+20,-1.2600365431112965e+20
-6.799996512287641e+19,-6.799996952092292e+19,-6.799996952092292e+19
-3.813672793517798e+19,-3.813673233322449e+19,-3.813673343273612e+19
-7.717220547099309e+19,-7.717221426708611e+19,-7.717221646610937e+19
-6.680125115799595e+19,-6.680125115799595e+19,-6.680125225750757e+19
-5.4041233999702e+19,-5.404124279579502e+19,-5.4041246094329905e+19
-1.1112524768201828e+20,-1.111252564781113e+20,-1.1112526087615781e+20
-9.576396193426676e+19,-9.576397073035978e+19,-9.576397292938304e+19
-3.4945769269511586e+19,-3.4945773667558097e+19,-3.494577421731391e+19
-7.784753430886613e+19,-7.784754310495915e+19,-7.784754640349404e+19
-8.541685382945282e+19,-8.541685382945282e+19,-8.541685602847608e+19
-6.117138218787589e+19,-6.1171390983968915e+19,-6.1171390983968915e+19
-9.336720250757553e+19,-9.336721130366855e+19,-9.33672135026918e+19
-3.422795970038779e+19,-3.42279640984343e+19,-3.42279640984343e+19
-4.3385233496227185e+19,-4.338524229232021e+19,-4.338524229232021e+19
-9.477325797717547e+19,-9.477325797717547e+19,-9.477326457424524e+19
-5.677277272681847e+19,-5.677277712486498e+19,-5.677277712486498e+19
-4.931961441068306e+19,-4.931961880872957e+19,-4.931962100775282e+19
-3.709740797195295e+19,-3.709740797195295e+19,-3.709740907146458e+19
-6.202496385084398e+19,-6.2024972646937e+19,-6.2024975945471885e+19
-6.637722669776739e+19,-6.63772310958139e+19,-6.63772310958139e+19
-1.0402277200249225e+20,-1.0402277200249225e+20,-1.0402277200249225e+20
-1.0680268924123087e+20,-1.0680270683341691e+20,-1.0680270683341691e+20
-1.04395779123192e+20,-1.0439579671537805e+20,-1.0439579671537805e+20
-9.089349485912601e+19,-9.089350365521904e+19,-9.08935102522888e+19
-6.702277196466723e+19,-6.702277636271374e+19,-6.702277746222537e+19
-7.000686411463734e+19,-7.000686851268385e+19,-7.000686851268385e+19
-7.163076362402529e+19,-7.16307680220718e+19,-7.16307680220718e+19
-6.3304601871528755e+19,-6.330461066762178e+19,-6.330461080506073e+19
-8.320556882022787e+19,-8.320556882022787e+19,-8.320556882022787e+19
-1.1836564610013253e+20,-1.1836565489622555e+20,-1.1836565489622555e+20
-5.835682593481582e+19,-5.835683033286233e+19,-5.835683363139722e+19
-5.657198431140053e+19,-5.657198870944704e+19,-5.657199255773774e+19
-7.389844038561563e+19,-7.389844038561563e+19,-7.389844808219702e+19
-1.0865671213626583e+20,-1.0865672093235885e+20,-1.0865672533040536e+20
-1.2322759855722778e+20,-1.2322759855722778e+20,-1.2322759855722778e+20
-4.424914177240334e+19,-4.4249146170449854e+19,-4.424914672020567e+19
-2.1502093373252567e+19,-2.1502093373252567e+19,-2.1502094472764195e+19
-1.0584444286739153e+20,-1.0584446045957757e+20,-1.0584446045957757e+20
-7.305533486943699e+19,-7.30553392674835e+19,-7.305534146650676e+19
-6.229948111797407e+19,-6.229948111797407e+19,-6.2299483316997325e+19
-1.0454406365936039e+20,-1.0454407245545341e+20,-1.0454407245545341e+20
-8.122018507199925e+19,-8.122018507199925e+19,-8.122018727102251e+19
-5.311673823478887e+19,-5.3116747030881894e+19,-5.311674813039352e+19
-8.882599078644207e+19,-8.882599078644207e+19,-8.882599518448858e+19
-1.2559510217852715e+20,-1.2559510217852715e+20,-1.2559510657657366e+20
-1.2524359270917367e+20,-1.252436015052667e+20,-1.252436059033132e+20
-8.880217096653793e+19,-8.880217096653793e+19,-8.880217096653793e+19
-5.922559845043326e+19,-5.922559845043326e+19,-5.922560064945652e+19
-1.0348496128292841e+20,-1.0348497007902143e+20,-1.0348497447706794e+20
-5.587605502366948e+19,-5.587605502366948e+19,-5.587605667293692e+19
-8.33546625969543e+19,-8.335467139304731e+19,-8.335467249255894e+19
-6.492824629421906e+19,-6.4928250692265574e+19,-6.492825289128883e+19
-3.2423265295021375e+19,-3.242326749404463e+19,-3.242326749404463e+19
-1.1484560800231929e+20,-1.1484561679841231e+20,-1.1484561679841231e+20
-6.166456153144505e+19,-6.166456153144505e+19,-6.166456537973575e+19
-1.1027887001923538e+20,-1.1027888761142143e+20,-1.1027888761142143e+20
-7.477115355090702e+19,-7.477115355090702e+19,-7.477116014797678e+19
-3.996564678072756e+19,-3.996565117877407e+19,-3.996565220956622e+19
-7.335235254251789e+19,-7.335236133861091e+19,-7.335236133861091e+19
-1.2399873444029871e+20,-1.2399873444029871e+20,-1.2399873444029871e+20
-2.7869567519842894e+19,-2.7869567519842894e+19,-2.7869567519842894e+19
-8.966515565294676e+19,-8.96651732451328e+19,-8.966517544415606e+19
-1.0165363230789075e+20,-1.0165364110398377e+20,-1.0165364110398377e+20
-5.38366192838194e+19,-5.38366192838194e+19,-5.383661983357521e+19
-3.9759475156380025e+19,-3.975947955442654e+19,-3.975947955442654e+19
-4.432851771583575e+19,-4.432852651192877e+19,-4.432852651192877e+19
-1.2854696104561738e+19,-1.2854696104561738e+19,-1.2854696654317552e+19
-7.775601975706308e+19,-7.77560285531561e+19,-7.775603295120261e+19
-6.737909289690386e+19,-6.737909289690386e+19,-6.737909509592711e+19
-5.662891262544026e+19,-5.662891702348677e+19,-5.662891702348677e+19
-1.0216223999862086e+20,-1.021622575908069e+20,-1.021622575908069e+20
-2.7046534687940936e+19,-2.704653688696419e+19,-2.704653688696419e+19
-7.233635102189473e+19,-7.233635541994124e+19,-7.233635541994124e+19
-6.500424453793094e+19,-6.500425333402396e+19,-6.500425443353559e+19
-3.0203914268495053e+19,-3.020391646751831e+19,-3.0203917017274122e+19
-8.872386814645423e+19,-8.872387694254726e+19,-8.872388353961702e+19
-7.706433018616873e+19,-7.706434777835477e+19,-7.706434777835477e+19
-5.676203269723836e+19,-5.676203269723836e+19,-5.676203489626161e+19
-5.854848400567671e+19,-5.854848400567671e+19,-5.854848809448558e+19
-5.717961841737466e+19,-5.717962721346768e+19,-5.717963051200256e+19
-9.609179232120445e+19,-9.60918099133905e+19,-9.60918099133905e+19
-6.335466043691814e+19,-6.335466043691814e+19,-6.335466071179605e+19
-3.8390345685287305e+19,-3.839035008333382e+19,-3.83903533818687e+19
-4.944462448471468e+19,-4.94446332808077e+19,-4.944463616702572e+19
-5.0852430376826044e+19,-5.0852430376826044e+19,-5.085243147633767e+19
-7.0372148265663594e+19,-7.037215706175662e+19,-7.037215994797464e+19
-5.352234367622893e+19,-5.352234367622893e+19,-5.352234697476381e+19
-8.555307012599474e+19,-8.555308771818078e+19,-8.555308771818078e+19
-3.189520064652614e+19,-3.1895202845549396e+19,-3.1895203670183117e+19
-4.736514013333448e+19,-4.7365148929427505e+19,-4.736515002893913e+19
-8.978441308214185e+19,-8.978442187823487e+19,-8.978442187823487e+19
-8.648285234281421e+19,-8.648286113890723e+19,-8.648286553695375e+19
-6.114280368164674e+19,-6.114280807969325e+19,-6.114280917920488e+19
-1.1093372155255272e+20,-1.1093373034864574e+20,-1.1093373474669226e+20
-7.432744343449475e+19,-7.432744343449475e+19,-7.432744563351801e+19
-9.849411967477875e+18,-9.849413066989502e+18,-9.849413616745316e+18
-3.0473466141114106e+19,-3.047346834013736e+19,-3.047346943964899e+19
-4.848359854548032e+19,-4.848360294352683e+19,-4.848360651693962e+19
-4.532416507720552e+19,-4.532416507720552e+19,-4.53241674823872e+19
-5.406201916751348e+19,-5.406202356555999e+19,-5.406202356555999e+19
-8.094697842272947e+19,-8.094697842272947e+19,-8.094698501979924e+19
-1.2127741677327404e+20,-1.2127742556936706e+20,-1.2127742996741358e+20
-6.892604418453353e+19,-6.892604858258004e+19,-6.89260507816033e+19
-7.861763225296044e+19,-7.861764104905346e+19,-7.86176465466116e+19
-6.509595260378048e+19,-6.509595260378048e+19,-6.509595260378048e+19
-1.144361850565076e+20,-1.144361850565076e+20,-1.144361894545541e+20
-7.080468734393765e+19,-7.080469174198416e+19,-7.080469174198416e+19
-7.550107094207588e+19,-7.550107094207588e+19,-7.550107753914565e+19
-6.739017597411184e+19,-6.739017597411184e+19,-6.739017927264672e+19
-6.701269164206378e+19,-6.701269604011029e+19,-6.701269823913355e+19
-9.762560224585895e+19,-9.762560224585895e+19,-9.762560884292872e+19
-5.764346279071475e+19,-5.7643467188761264e+19,-5.764346938778452e+19
-5.763500974532041e+19,-5.763501854141343e+19,-5.763501854141343e+19
-6.4289623552527696e+19,-6.428962795057421e+19,-6.428963014959746e+19
-6.1582793050710606e+19,-6.158280184680363e+19,-6.158280184680363e+19
-9.361032651870935e+19,-9.36103441108954e+19,-9.36103441108954e+19
-8.602288704649691e+19,-8.602289584258993e+19,-8.602290024063644e+19
-1.2510135988500457e+20,-1.2510135988500457e+20,-1.2510135988500457e+20
-5.0016643210041885e+19,-5.001665200613491e+19,-5.001665530466979e+19
-9.657200622365888e+19,-9.65720150197519e+19,-9.657201941779841e+19
-6.870618583944344e+19,-6.8706190237489955e+19,-6.870619243651321e+19
-9.204073408764051e+19,-9.204073408764051e+19,-9.204073848568703e+19
-8.011080422785234e+19,-8.011080422785234e+19,-8.011080422785234e+19
-6.611631698654265e+19,-6.6116321384589165e+19,-6.611632358361242e+19
-8.550887855465116e+19,-8.550888735074419e+19,-8.550888735074419e+19
-8.302340173373794e+19,-8.302341052983096e+19,-8.302341052983096e+19
-4.946153057550336e+19,-4.946153057550336e+19,-4.946153057550336e+19
-5.8935001925258576e+19,-5.893500632330509e+19,-5.893500632330509e+19
-1.1182462503821404e+20,-1.1182462503821404e+20,-1.1182462943626055e+20
-5.02678420345701e+19,-5.02678420345701e+19,-5.026784423359336e+19
-4.059228924372268e+19,-4.059228924372268e+19,-4.059228924372268e+19
-1.2711402911378807e+20,-1.2711402911378807e+20,-1.2711403351183458e+20
-1.2117844313458816e+20,-1.2117845193068118e+20,-1.2117845632872769e+20
-6.136642675455033e+19,-6.1366431152596845e+19,-6.1366431152596845e+19
-1.0579340793567668e+20,-1.0579340793567668e+20,-1.0579341233372319e+20
-1.2267910938073498e+20,-1.22679118176828e+20,-1.22679118176828e+20
-1.1596920333279009e+20,-1.1596920333279009e+20,-1.159692077308366e+20
-2.7110112848305455e+19,-2.711011504732871e+19,-2.711011504732871e+19
-3.268899086717577e+19,-3.2688993066199024e+19,-3.2688993066199024e+19
-3.6430294684962652e+19,-3.6430299083009163e+19,-3.6430300732276605e+19
-1.2943588101230218e+20,-1.294358898083952e+20,-1.294358898083952e+20
-9.15661496847203e+19,-9.156615848081333e+19,-9.156616287885984e+19
-1.0399889940602998e+20,-1.0399889940602998e+20,-1.0399890600309975e+20
-7.45100151412637e+19,-7.451002393735673e+19,-7.451002503686835e+19
-9.216243683069578e+19,-9.216245442288183e+19,-9.216245662190508e+19
-7.325855100652906e+19,-7.325855100652906e+19,-7.325855100652906e+19
-5.478642140835742e+19,-5.478642140835742e+19,-5.478642140835742e+19
-4.623891477105004e+19,-4.623891916909655e+19,-4.623892191787562e+19
-1.6955491846119752e+19,-1.6955494045143007e+19,-1.6955494869776728e+19
-6.835407823576446e+19,-6.835408263381097e+19,-6.8354084832834224e+19
-1.015602177999949e+20,-1.015602177999949e+20,-1.0156022439706467e+20
-8.626018804405004e+19,-8.626020563623608e+19,-8.626020563623608e+19
-1.0100523710685171e+20,-1.0100523710685171e+20,-1.0100524150489822e+20
-3.6372508751853257e+19,-3.6372510950876512e+19,-3.6372510950876512e+19
-9.138911951655535e+19,-9.138913710874139e+19,-9.138913710874139e+19
-2.845850992814483e+19,-2.8458512127168086e+19,-2.8458512127168086e+19
-8.82027348192605e+19,-8.820275241144654e+19,-8.82027546104698e+19
-9.293454028399916e+19,-9.293454908009218e+19,-9.293455567716195e+19
-1.218280697886503e+20,-1.2182807858474333e+20,-1.2182808298278984e+20
-1.7658348057105793e+19,-1.7658348057105793e+19,-1.7658348057105793e+19
-5.8716049577749774e+19,-5.8716053975796285e+19,-5.871605727433117e+19
-5.680613630765171e+19,-5.680614510374473e+19,-5.680614510374473e+19
-1.1227503777750922e+20,-1.1227505536969526e+20,-1.1227505536969526e+20
-6.265498401355963e+19,-6.265498841160614e+19,-6.265498923623986e+19
-8.852903468601233e+19,-8.852904348210535e+19,-8.852904788015186e+19
-6.9244911352681595e+19,-6.924491575072811e+19,-6.924491575072811e+19
-5.986700955361267e+19,-5.986701395165918e+19,-5.986701395165918e+19
-5.658486179158504e+19,-5.658486179158504e+19,-5.658486179158504e+19
-7.753916087969356e+19,-7.753916967578658e+19,-7.753917297432147e+19
-7.319164792300215e+19,-7.319164792300215e+19,-7.319164792300215e+19
-4.757431122540259e+19,-4.75743156234491e+19,-4.7574317822472356e+19
-8.11744981648419e+19,-8.117450696093493e+19,-8.11745135580047e+19
-6.28099183960528e+19,-6.280992279409931e+19,-6.280992361873303e+19
-1.1535982760039757e+20,-1.1535982760039757e+20,-1.1535983199844408e+20
-8.262122676857654e+19,-8.262123556466957e+19,-8.262123556466957e+19
-5.221182257294318e+19,-5.221182697098969e+19,-5.221182697098969e+19
-1.0447295604336886e+20,-1.0447296483946188e+20,-1.0447296483946188e+20
-5.099418821197195e+19,-5.099419261001846e+19,-5.09941942592859e+19
-8.756336440966224e+19,-8.756336440966224e+19,-8.75633666086855e+19
-1.0008900087328643e+20,-1.0008900087328643e+20,-1.000890074703562e+20
-7.686471165112274e+19,-7.686472044721576e+19,-7.686472154672739e+19
-6.948161421590921e+19,-6.948161861395572e+19,-6.948162203274969e+19
-1.094943288903986e+20,-1.0949433768649163e+20,-1.0949433768649163e+20
-8.322965252292267e+19,-8.322965252292267e+19,-8.322965252292267e+19
-2.610452150377408e+19,-2.6104523702797337e+19,-2.610452425255315e+19
-1.0008187603793845e+20,-1.0008187603793845e+20,-1.0008188043598496e+20
-6.227287293658189e+19,-6.227288173267491e+19,-6.227288173267491e+19
-8.667216185683817e+19,-8.66721706529312e+19,-8.66721706529312e+19
-6.848021420970292e+19,-6.848022300579594e+19,-6.84802252048192e+19
-1.0297009077396649e+20,-1.0297009957005951e+20,-1.0297010396810602e+20
-1.0085726923003213e+20,-1.0085728682221817e+20,-1.0085728682221817e+20
-7.30831041351081e+19,-7.308311293120112e+19,-7.308311677949182e+19
-7.203913983476734e+19,-7.2039148630860366e+19,-7.203914918061618e+19
-6.624805607173626e+19,-6.624806046978277e+19,-6.624806266880603e+19
-5.6615349050000015e+19,-5.661535344804653e+19,-5.661535509731397e+19
-3.359235401860304e+19,-3.3592356217626296e+19,-3.3592357317137924e+19
-1.0973273819567253e+20,-1.0973273819567253e+20,-1.0973273819567253e+20
-6.335263733552303e+19,-6.3352641733569544e+19,-6.335264228332536e+19
-5.170820226695666e+19,-5.170820666500317e+19,-5.170820886402643e+19
-8.585495203851692e+19,-8.585495203851692e+19,-8.585495643656343e+19
-9.292044894297758e+19,-9.29204577390706e+19,-9.292046213711711e+19
-1.106993936344411e+20,-1.1069941122662715e+20,-1.1069941122662715e+20
-7.062884464833069e+19,-7.062885344442371e+19,-7.062885564344697e+19
-2.522530802573928e+19,-2.5225310224762536e+19,-2.5225311324274164e+19
-8.90423043060442e+19,-8.90423043060442e+19,-8.904230870409072e+19
-1.873755610316328e+19,-1.8737558302186537e+19,-1.873755995145398e+19
-9.093057918730764e+19,-9.093059677949369e+19,-9.093059677949369e+19
-1.0134691254420636e+20,-1.0134692134029938e+20,-1.0134692793736915e+20
-1.1885018768035388e+20,-1.1885018768035388e+20,-1.1885018768035388e+20
-1.3785140227381133e+20,-1.3785141106990436e+20,-1.3785141546795087e+20
-6.805870543207871e+19,-6.805870983012522e+19,-6.805871312866011e+19
-1.2428569817905522e+20,-1.2428570697514824e+20,-1.2428571137319476e+20
-5.75048539568708e+19,-5.75048539568708e+19,-5.7504856980527776e+19
-1.1266716760443925e+20,-1.126671851966253e+20,-1.126671851966253e+20
-1.0533930083731217e+20,-1.0533930963340519e+20,-1.0533930963340519e+20
-3.948317228236643e+19,-3.948317668041294e+19,-3.948317819224143e+19
-7.424921098315524e+19,-7.424921977924826e+19,-7.424922362753896e+19
-1.082015319145526e+20,-1.0820154950673865e+20,-1.0820154950673865e+20
-1.0706278971189756e+20,-1.0706279850799058e+20,-1.0706279850799058e+20
-1.2121807832974623e+20,-1.2121808712583925e+20,-1.2121809152388576e+20
-5.375053192141105e+19,-5.375053192141105e+19,-5.375053192141105e+19
-8.012420947361818e+19,-8.01242182697112e+19,-8.012422156824609e+19
-6.292222691176035e+19,-6.292223570785337e+19,-6.292223570785337e+19
-8.744679858493194e+19,-8.744680738102496e+19,-8.744680738102496e+19
-5.866114436510515e+19,-5.866114876315166e+19,-5.866114986266329e+19
-1.0137644982457493e+20,-1.0137644982457493e+20,-1.0137645422262144e+20
-9.999843629952978e+19,-9.999843629952978e+19,-9.99984406975763e+19
-8.171241443752201e+19,-8.171241443752201e+19,-8.171242103459178e+19
-5.995548945332306e+19,-5.995549824941608e+19,-5.995549934892771e+19
-4.781217517290914e+19,-4.781217957095565e+19,-4.781217957095565e+19
-9.733422286840529e+19,-9.733422286840529e+19,-9.73342272664518e+19
-3.752179307199542e+19,-3.752179747004193e+19,-3.752179747004193e+19
-1.0287259487890833e+20,-1.0287261247109438e+20,-1.0287261467011763e+20
-9.698237914751697e+19,-9.698239673970301e+19,-9.698239673970301e+19
-6.896295259085472e+19,-6.896295259085472e+19,-6.89629558893896e+19
-7.555254567844184e+19,-7.555254567844184e+19,-7.555255007648835e+19
-1.0366825426932518e+20,-1.036682630654182e+20,-1.036682630654182e+20
-6.761720313501503e+19,-6.761720753306154e+19,-6.761721083159642e+19
-5.9926312812768395e+19,-5.992631721081491e+19,-5.992631721081491e+19
-1.0387350230390538e+20,-1.0387350230390538e+20,-1.038735067019519e+20
-3.520158604287646e+19,-3.5201590440922972e+19,-3.52015915404346e+19
-2.2943838990290125e+19,-2.294384118931338e+19,-2.2943841739069194e+19
-7.3681915759780954e+19,-7.368192455587398e+19,-7.368192675489723e+19
-6.627111063154747e+19,-6.627111942764049e+19,-6.627112162666375e+19
-8.901811505023314e+19,-8.901812384632616e+19,-8.901813044339592e+19
-7.295184883503071e+19,-7.295184883503071e+19,-7.295184883503071e+19
-4.699984718621521e+19,-4.699985158426172e+19,-4.6999852683773346e+19
-1.0731270430684453e+20,-1.0731270430684453e+20,-1.0731270430684453e+20
-3.692706283448487e+19,-3.692706283448487e+19,-3.6927066133019754e+19
-2.4062200645412717e+19,-2.4062202844435972e+19,-2.4062203669069693e+19
-3.1645637895300055e+19,-3.1645637895300055e+19,-3.164563844505587e+19
-1.2868689369146117e+20,-1.2868689369146117e+20,-1.2868689808950768e+20
-2.434148099691433e+19,-2.434148099691433e+19,-2.4341481546670146e+19
-4.269650820868132e+19,-4.269651260672783e+19,-4.2696513568800506e+19
-3.899581595237797e+19,-3.899582035042448e+19,-3.8995823648959365e+19
-9.447255474111827e+19,-9.44725635372113e+19,-9.447256573623455e+19
-8.028679645704067e+19,-8.02868052531337e+19,-8.02868096511802e+19
-8.005415738878932e+19,-8.005415738878932e+19,-8.005415958781257e+19
-1.2222906607734673e+20,-1.2222907487343975e+20,-1.2222907487343975e+20
-8.408176523835605e+19,-8.40817828305421e+19,-8.408178502956535e+19
-1.4898314386643878e+19,-1.4898315486155506e+19,-1.489831603591132e+19
-2.9039553444912824e+19,-2.9039553444912824e+19,-2.9039553444912824e+19
-5.058607588402056e+19,-5.058608468011359e+19,-5.058608797864847e+19
-8.267113580038455e+19,-8.267114459647758e+19,-8.267114899452409e+19
-7.368749248275703e+19,-7.3687496880803545e+19,-7.3687496880803545e+19
-6.314870871489616e+19,-6.3148717510989185e+19,-6.314871861050081e+19
-3.3483942172104327e+19,-3.3483942172104327e+19,-3.3483942172104327e+19
-9.878278105948855e+19,-9.878278985558157e+19,-9.878279425362808e+19
-8.277723427441843e+19,-8.277724307051145e+19,-8.277724746855796e+19
-5.559056023244767e+19,-5.559056463049418e+19,-5.559056710439535e+19
-2.8878941184373817e+19,-2.8878943383397073e+19,-2.8878943383397073e+19
-2.3928574798265844e+19,-2.3928574798265844e+19,-2.3928575622899565e+19
-1.165433243243496e+20,-1.165433243243496e+20,-1.165433243243496e+20
-9.520203232763603e+19,-9.520204112372905e+19,-9.520204552177556e+19
-7.289990790573457e+19,-7.28999167018276e+19,-7.28999167018276e+19
-8.99296717623106e+19,-8.99296717623106e+19,-8.99296717623106e+19
-1.2450632178423824e+20,-1.2450633058033127e+20,-1.2450633058033127e+20
-1.3388265787874922e+20,-1.3388266667484224e+20,-1.3388267107288875e+20
-5.8094033859684336e+19,-5.809404265577736e+19,-5.809404485480061e+19
-5.479738134026309e+19,-5.479739013635611e+19,-5.479739274769623e+19
-4.798176384637731e+19,-4.798176384637731e+19,-4.798176604540056e+19
-1.0812194486488767e+20,-1.0812194486488767e+20,-1.0812194486488767e+20
-1.0279972804431236e+20,-1.0279973684040539e+20,-1.027997412384519e+20
-5.812979877391263e+19,-5.8129803171959144e+19,-5.812980458070842e+19
-7.571923164121268e+19,-7.57192404373057e+19,-7.571924153681733e+19
-1.019507115536228e+20,-1.0195072034971582e+20,-1.0195072474776234e+20
-1.0187064951493467e+20,-1.0187065831102769e+20,-1.0187066051005094e+20
-6.322736337870075e+19,-6.322737217479377e+19,-6.322737217479377e+19
-1.1434284091735592e+20,-1.1434284971344894e+20,-1.1434285411149545e+20
-9.805391919948235e+19,-9.805392799557537e+19,-9.805393239362188e+19
-9.394042629764678e+19,-9.394044388983282e+19,-9.394044388983282e+19
-1.2403189571099243e+20,-1.2403191330317848e+20,-1.2403191330317848e+20
-9.977997653323022e+19,-9.977997653323022e+19,-9.977998313029999e+19
-3.759931303980014e+19,-3.759931303980014e+19,-3.759931688809084e+19
-8.95626283926799e+19,-8.956264598486594e+19,-8.956264598486594e+19
-7.600621297215524e+19,-7.600622176824826e+19,-7.600622946482966e+19
-8.827468686018216e+19,-8.827468686018216e+19,-8.827469455676355e+19
-8.293839629077132e+19,-8.293841388295737e+19,-8.293841388295737e+19
-9.551965924666796e+19,-9.551965924666796e+19,-9.551966144569121e+19
-5.565931049550925e+19,-5.565931049550925e+19,-5.565931049550925e+19
-4.779823336546894e+19,-4.779824216156196e+19,-4.779824408570731e+19
-1.1979664728954346e+20,-1.1979665608563648e+20,-1.19796660483683e+20
-3.69110715373705e+19,-3.691107593541701e+19,-3.691107785956236e+19
-2.1584833822265967e+19,-2.1584833822265967e+19,-2.1584833916755247e+19
-1.0279130138719709e+20,-1.0279130138719709e+20,-1.0279130798426685e+20
-6.860096697471179e+19,-6.860097577080481e+19,-6.860097796982807e+19
-3.103629734727962e+19,-3.103630174532613e+19,-3.103630174532613e+19
-7.164612160244207e+19,-7.164613039853509e+19,-7.164613369706997e+19
-9.288887096902785e+19,-9.288887976512088e+19,-9.288888416316739e+19
-9.218541222566979e+19,-9.218542102176281e+19,-9.218542541980933e+19
-7.421575064529876e+19,-7.421575944139178e+19,-7.421575944139178e+19
-4.904597675285519e+19,-4.904597675285519e+19,-4.904598032626798e+19
-1.298422605099282e+20,-1.2984226930602122e+20,-1.2984227370406773e+20
-9.574892061519879e+19,-9.57489294112918e+19,-9.574893380933832e+19
-8.306069277010559e+18,-8.306069277010559e+18,-8.306069414449512e+18
-1.1466271963620154e+20,-1.1466272843229456e+20,-1.1466272843229456e+20
-1.0976567076794768e+20,-1.0976567076794768e+20,-1.0976567516599419e+20
-9.610970116659767e+19,-9.610970996269069e+19,-9.610971216171395e+19
-1.6291912389501125e+19,-1.6291912389501125e+19,-1.6291913214134845e+19
-6.231753949694866e+19,-6.2317548293041684e+19,-6.2317548293041684e+19
-5.821056450004255e+19,-5.821056450004255e+19,-5.821056450004255e+19
-8.31408647599565e+19,-8.314088235214255e+19,-8.314088565067743e+19
-1.3505322434595861e+20,-1.3505323314205164e+20,-1.3505323314205164e+20
-3.514796066176657e+19,-3.514796505981308e+19,-3.514796615932471e+19
-3.419528221481029e+19,-3.4195284413833544e+19,-3.4195284413833544e+19
-5.314262513655323e+19,-5.314262953459974e+19,-5.314262953459974e+19
-1.0114986246832285e+20,-1.0114987126441588e+20,-1.0114987126441588e+20
-2.4369461368817975e+19,-2.4369465766864486e+19,-2.436946741613193e+19
-3.2048076743252115e+19,-3.2048076743252115e+19,-3.2048077430446883e+19
-7.544544444980344e+19,-7.544544444980344e+19,-7.544544554931506e+19
-8.330102402170487e+19,-8.330102402170487e+19,-8.330103061877463e+19
-6.432250334824471e+19,-6.432250334824471e+19,-6.4322505547267965e+19
-8.250861918570624e+19,-8.250861918570624e+19,-8.2508625782776e+19
-1.1848224710923492e+20,-1.1848224710923492e+20,-1.1848225150728143e+20
-1.0392663070575952e+20,-1.0392663070575952e+20,-1.0392663510380603e+20
-1.8656979493033345e+19,-1.8656979493033345e+19,-1.8656980592544973e+19
-8.148591504220016e+19,-8.148591504220016e+19,-8.148591944024667e+19
-9.646567905120643e+19,-9.646567905120643e+19,-9.646568344925294e+19
-6.606613527585096e+19,-6.606613967389747e+19,-6.606614187292072e+19
-3.3243839618923626e+19,-3.324384181794688e+19,-3.324384181794688e+19
-5.743155611371674e+19,-5.743156051176325e+19,-5.743156051176325e+19
-6.590266868312624e+19,-6.590266868312624e+19,-6.590266978263787e+19
-8.40986185525866e+19,-8.40986185525866e+19,-8.409862295063311e+19
-1.3518593979747769e+20,-1.3518593979747769e+20,-1.351859441955242e+20
-1.4113185238988567e+20,-1.411318611859787e+20,-1.411318611859787e+20
-1.0463313289730327e+20,-1.0463313289730327e+20,-1.0463313729534978e+20
-8.266054530438581e+19,-8.266054530438581e+19,-8.266054970243233e+19
-6.821920774145494e+19,-6.821921213950145e+19,-6.821921571291424e+19
-7.902443396305152e+19,-7.902443396305152e+19,-7.902443836109803e+19
-6.099853895998951e+19,-6.099854335803602e+19,-6.099854335803602e+19
-1.0909978893398049e+20,-1.0909979773007351e+20,-1.0909980212812002e+20
-1.7792752358485131e+19,-1.779275345799676e+19,-1.7792754007752573e+19
-1.000045407880872e+20,-1.0000454958418022e+20,-1.0000455398222673e+20
-8.163045244274108e+19,-8.163047003492712e+19,-8.163047223395038e+19
-1.1825228205326231e+20,-1.1825228205326231e+20,-1.1825228205326231e+20
-4.1796887794835e+19,-4.1796887794835e+19,-4.179689109336988e+19
-7.599345863727304e+19,-7.599346743336606e+19,-7.599347403043583e+19
-1.1607185373835926e+20,-1.1607186253445228e+20,-1.1607186253445228e+20
-2.90258403358912e+19,-2.90258403358912e+19,-2.902584143540283e+19
-9.788351688740962e+18,-9.788351688740962e+18,-9.788352341575991e+18
-1.158778295184754e+20,-1.1587783831456842e+20,-1.1587784271261493e+20
-1.315937209603242e+20,-1.3159372975641723e+20,-1.3159372975641723e+20
-7.316807879174914e+18,-7.316807879174914e+18,-7.316807879174914e+18
-6.179341549812738e+19,-6.17934242942204e+19,-6.179342759275528e+19
-7.3531493773008175e+19,-7.353149817105469e+19,-7.353150146958957e+19
-6.286627496404609e+19,-6.28662793620926e+19,-6.2866280461604225e+19
-2.7771024889715098e+19,-2.7771024889715098e+19,-2.7771025989226725e+19
-4.400194517020023e+19,-4.400194956824674e+19,-4.400195176727e+19
-6.120454345856962e+19,-6.120454345856962e+19,-6.1204544558081245e+19
-7.468986005919577e+19,-7.468986005919577e+19,-7.468986445724228e+19
-9.315263061439178e+19,-9.31526394104848e+19,-9.315264600755457e+19
-6.167405251581601e+19,-6.167406131190904e+19,-6.167406461044392e+19
-1.3979197872418482e+20,-1.3979198752027784e+20,-1.3979198752027784e+20
-6.817395184285568e+19,-6.817395184285568e+19,-6.817395404187894e+19
-9.895231695639858e+19,-9.895231695639858e+19,-9.89523213544451e+19
-9.77374709569154e+19,-9.773747975300841e+19,-9.773748415105493e+19
-3.724271942867983e+19,-3.724272382672634e+19,-3.7242726025749594e+19
-1.1011575527023156e+20,-1.1011576406632458e+20,-1.1011576406632458e+20
-6.9361398012574695e+19,-6.936140241062121e+19,-6.936140405988865e+19
-1.0252011783932242e+20,-1.0252012663541544e+20,-1.0252013103346195e+20
-5.974097033669745e+19,-5.974097033669745e+19,-5.9740971711086985e+19
-1.023182299122767e+20,-1.0231824750446274e+20,-1.0231824750446274e+20
-6.7144967288931746e+19,-6.714497608502477e+19,-6.7144977184536396e+19
-1.2081970327677043e+20,-1.2081971207286345e+20,-1.2081971207286345e+20
-1.2607795490888824e+20,-1.2607796370498126e+20,-1.2607796810302777e+20
-5.954472070527897e+19,-5.954472070527897e+19,-5.954472070527897e+19
-4.058007147051483e+19,-4.058007586856134e+19,-4.05800780675846e+19
-6.803616104566279e+19,-6.803616104566279e+19,-6.803616324468605e+19
-8.815947563377728e+19,-8.815947563377728e+19,-8.815948223084705e+19
-3.342651687880884e+18,-3.342651962758791e+18,-3.3426521860970906e+18
-9.493830786664419e+19,-9.493830786664419e+19,-9.493830786664419e+19
-1.9982880564968423e+19,-1.998288276399168e+19,-1.9982884138381214e+19
-4.710638546490019e+19,-4.71063898629467e+19,-4.710639151221414e+19
-8.503079330670812e+19,-8.503081089889416e+19,-8.503081419742904e+19
-6.772003825853766e+19,-6.772004265658417e+19,-6.772004485560743e+19
-1.0217131756661978e+20,-1.021713263627128e+20,-1.0217133295978257e+20
-8.510402957721102e+19,-8.510403837330404e+19,-8.510403837330404e+19
-6.658694314760287e+19,-6.658694754564938e+19,-6.658694974467264e+19
-1.217420791832652e+20,-1.2174208797935822e+20,-1.2174208797935822e+20
-7.028965850530133e+19,-7.028965850530133e+19,-7.028965850530133e+19
-4.120044231918512e+19,-4.120044231918512e+19,-4.120044561772e+19
-8.794942493240695e+19,-8.794942493240695e+19,-8.794943042996509e+19
-6.426995548853004e+19,-6.426995548853004e+19,-6.426995933682074e+19
-2.5772653710139195e+19,-2.577265590916245e+19,-2.577265673379617e+19
-6.3646646744790335e+19,-6.364665114283685e+19,-6.364665114283685e+19
-9.389570696072187e+19,-9.38957157568149e+19,-9.38957157568149e+19
-7.749361471002457e+19,-7.749361471002457e+19,-7.749361910807108e+19
-1.2746217847560706e+20,-1.2746218727170009e+20,-1.2746218727170009e+20
-1.0755262654011828e+20,-1.075526353362113e+20,-1.0755263753523456e+20
-7.529958763530918e+19,-7.529958763530918e+19,-7.529958763530918e+19
-7.214211569577833e+19,-7.2142124491871355e+19,-7.214212669089461e+19
-3.991781362687279e+19,-3.99178180249193e+19,-3.99178180249193e+19
-8.385804540842921e+19,-8.385804540842921e+19,-8.385805200549898e+19
-5.364124046561011e+19,-5.3641249261703135e+19,-5.3641249261703135e+19
-7.288485779057358e+19,-7.28848665866666e+19,-7.28848665866666e+19
-5.929700513358755e+19,-5.929700953163406e+19,-5.929701173065731e+19
-3.768168845095312e+19,-3.768169284899963e+19,-3.7681696491131896e+19
-1.0929456961786426e+20,-1.0929457841395728e+20,-1.0929457841395728e+20
-4.657734445007949e+19,-4.657734445007949e+19,-4.6577346649102746e+19
-6.4959243726029324e+19,-6.4959248124075835e+19,-6.495924922358746e+19
-1.4269467182932741e+20,-1.4269468062542044e+20,-1.4269468062542044e+20
-5.608486547592367e+19,-5.6084869873970184e+19,-5.608487207299344e+19
-6.392687267629184e+19,-6.392687267629184e+19,-6.392687281373079e+19
-6.974220726778515e+19,-6.974221606387817e+19,-6.974221881265724e+19
-1.0941854175291926e+20,-1.0941855054901228e+20,-1.094185549470588e+20
-1.114321785519352e+20,-1.114321785519352e+20,-1.1143218294998172e+20
-4.5973132024291e+19,-4.597314082038402e+19,-4.597314082038402e+19
-5.822823585092416e+19,-5.8228240248970674e+19,-5.8228240248970674e+19
-1.337880646943884e+20,-1.3378807349048141e+20,-1.3378807788852793e+20
-7.395075954691172e+19,-7.395075954691172e+19,-7.395076394495823e+19
-7.029300981674279e+19,-7.029301861283581e+19,-7.029302081185907e+19
-1.1049995102125556e+20,-1.1049995102125556e+20,-1.1049995541930207e+20
-4.573332414022654e+19,-4.5733332936319566e+19,-4.5733332936319566e+19
-6.920156420626815e+19,-6.9201568604314665e+19,-6.920157080333792e+19
-6.541724749360267e+19,-6.5417256289695695e+19,-6.541725958823058e+19
-9.509392834439309e+19,-9.509393714048611e+19,-9.509394373755588e+19
-5.797979899960492e+19,-5.797979899960492e+19,-5.7979799549360734e+19
-6.3675726628321755e+19,-6.367573102636827e+19,-6.367573102636827e+19
-2.150807471650767e+19,-2.1508076915530924e+19,-2.1508077465286738e+19
-7.521428312517981e+19,-7.521428312517981e+19,-7.52142869734705e+19
-9.050270203833536e+19,-9.05027196305214e+19,-9.050272182954466e+19
-1.2128318701029661e+20,-1.2128320460248266e+20,-1.2128320460248266e+20
-1.1078410001024496e+20,-1.1078410001024496e+20,-1.1078410001024496e+20
-1.1932290731155338e+20,-1.1932292490373942e+20,-1.1932292490373942e+20
-1.053103616912691e+20,-1.053103616912691e+20,-1.0531036608931561e+20
-1.2187229654436597e+20,-1.2187230534045899e+20,-1.218723097385055e+20
-5.6282188230690865e+19,-5.6282188230690865e+19,-5.628218933020249e+19
-8.566404163556291e+19,-8.566405043165594e+19,-8.566405482970245e+19
-9.201290324931825e+19,-9.201291204541127e+19,-9.201291864248104e+19
-9.371818421134767e+19,-9.371818421134767e+19,-9.371818641037092e+19
-9.6603742527283e+19,-9.660375132337603e+19,-9.660375572142254e+19
-8.52760811567254e+19,-8.52760811567254e+19,-8.527608775379517e+19
-1.0211556792904502e+20,-1.0211557672513805e+20,-1.0211558112318456e+20
-9.279471758931814e+19,-9.279472638541116e+19,-9.279472638541116e+19
-1.1999075947035754e+20,-1.1999075947035754e+20,-1.1999076386840406e+20
-1.2230323473370998e+20,-1.22303243529803e+20,-1.2230324792784952e+20
-1.5601199184932241e+19,-1.560120028444387e+19,-1.5601201246516543e+19
-1.0864691328863909e+20,-1.0864692208473211e+20,-1.0864692648277862e+20
-9.20956217080991e+19,-9.209563050419211e+19,-9.209563050419211e+19
-4.977190071779197e+19,-4.977190071779197e+19,-4.97719018173036e+19
-7.248709846410933e+19,-7.248710286215584e+19,-7.248710286215584e+19
-5.693483414368289e+18,-5.693483414368289e+18,-5.693483689246196e+18
-6.435796039921723e+19,-6.435796039921723e+19,-6.4357962598240485e+19
-1.0617394451200344e+20,-1.0617395330809646e+20,-1.0617395330809646e+20
-6.073530708020691e+19,-6.073530708020691e+19,-6.073531134081447e+19
-7.768174554758355e+19,-7.76817631397696e+19,-7.768176643830448e+19
-5.084282504324579e+19,-5.0842829441292304e+19,-5.084283074696236e+19
-1.1116465417875777e+20,-1.111646629748508e+20,-1.111646629748508e+20
-4.0864765817271615e+19,-4.0864765817271615e+19,-4.086476801629487e+19
-4.319538742052887e+19,-4.319538742052887e+19,-4.319538989443003e+19
-8.787740252274111e+19,-8.787740252274111e+19,-8.787740692078762e+19
-3.699915561289489e+19,-3.699915561289489e+19,-3.699915561289489e+19
-5.855591670428048e+19,-5.855592110232699e+19,-5.8555923301350244e+19
-1.1285239573130091e+20,-1.1285240452739393e+20,-1.1285240452739393e+20
-1.0134057935723037e+20,-1.0134058815332339e+20,-1.0134058815332339e+20
-4.963426825027348e+19,-4.963427264831999e+19,-4.963427264831999e+19
-7.374676055754067e+19,-7.374676495558718e+19,-7.374676715461044e+19
-9.076519504630409e+19,-9.076519504630409e+19,-9.07651994443506e+19
-9.996379728520833e+19,-9.996380608130135e+19,-9.996380608130135e+19
